{
  "swagger": "2.0",
  "info": {
    "version": "1.0.0",
    "title": "Yet Another Node.js Blogg Application API",
    "description": "Yet Another Node.js Blogg Application API",
    "license": {
      "name": "MIT",
      "url": "https://opensource.org/licenses/MIT"
    }
  },
  "host": "localhost:8081",
  "basePath": "/api/v1",
  "tags": [
    {
      "name": "Users",
      "description": "API for users in the system"
    }
  ],
  "schemes": [
    "http"
  ],
  "consumes": [
    "application/json"
  ],
  "produces": [
    "application/json"
  ],
  "paths": {
    "/user/sendpresignupotp": {
      "post": {
        "tags": [
          "Users"
        ],
        "description": "Create new user in system",
        "parameters": [
          {
            "name": "user",
            "in": "body",
            "description": "User that we want to create",
            "schema": {
              "type": "object",
              "properties": {
                
                "username": {
                  "type": "string",
                  "uniqueItems": true
                },
                "issendotp": {
                  "type": "boolean"
                },
                "issendemail": {
                  "type": "boolean"
                }
              }
            }
          }
        ],
        "produces": [
          "application/json"
        ],
        "responses": {
          "200": {
            "description": "New user is created",
            "schema": {
              "$ref": "#/definitions/Newuser"
            }
          }
        }
      },
      "get": {
        "tags": [
          "Users"
        ],
        "summary": "Get all users in system",
        "responses": {
          "200": {
            "description": "OK",
            "schema": {
              "$ref": "#/definitions/Newuser"
            }
          }
        }
      }
    },
    "/users/newuserslist/{userId}": {
      "parameters": [
        {
          "name": "userId",
          "in": "path",
          "required": true,
          "description": "ID of user that we want to find",
          "type": "string"
        }
      ],
      "get": {
        "tags": [
          "Users"
        ],
        "summary": "Get user with given ID",
        "responses": {
          "200": {
            "description": "User is found",
            "schema": {
              "$ref": "#/definitions/Newuser"
            }
          }
        }
      },
      "delete": {
        "summary": "Delete user with given ID",
        "tags": [
          "Users"
        ],
        "responses": {
          "200": {
            "description": "User is deleted",
            "schema": {
              "$ref": "#/definitions/Newuser"
            }
          }
        }
      },
      "put": {
        "summary": "Update user with give ID",
        "tags": [
          "Users"
        ],
        "parameters": [
          {
            "name": "user",
            "in": "body",
            "description": "User with new values of properties",
            "schema": {
              "$ref": "#/definitions/Newuser"
            }
          }
        ],
        "responses": {
          "200": {
            "description": "User is updated",
            "schema": {
              "$ref": "#/definitions/Newuser"
            }
          }
        }
      }
    }
  },
  "definitions": {
    "User": {
      "required": [
        "email",
        "_id"
      ],
      "properties": {
        "_id": {
          "type": "string",
          "uniqueItems": true
        },
        "email": {
          "type": "string",
          "uniqueItems": true
        },
        "lastName": {
          "type": "string"
        },
        "firstName": {
          "type": "string"
        }
      }
    },
    "Newusers": {
      "type": "array",
      "$ref": "#/definitions/Newuser"
    }
  }
}
